id,image,label_auto,overlay,base_code,color,side,group,width,height,verdict,confidence,coverage,ensemble_iou,holes,solidity,latency_ms,occurrences,used_by_bases,source_path,md5,reason,review_status,reviewer_note,label_final,split
001_EUACCM_black_back,images/001_EUACCM_black_back.jpg,labels_auto/001_EUACCM_black_back.png,overlays/001_EUACCM_black_back.jpg,EUACCM,black,back,EUACCM_back,1200,1200,READY,0.9789,0.37821,0.9899,2,0.9833,1982.4,2,EUACCM EUMM,D:/TTTN/mockupgenerator/src/main/resources/mask/EUACCM/black-back-model.jpg,9b21023732a76ac6ed7b32a1c2c97d21,"Photo contains 2 products of comparable size - read as a multi-item composition, not a fragmented mask.",accept,,labels/001_EUACCM_black_back.png,train
002_EUACCM_black_front,images/002_EUACCM_black_front.jpg,labels_auto/002_EUACCM_black_front.png,overlays/002_EUACCM_black_front.jpg,EUACCM,black,front,EUACCM_front,1200,1200,READY,0.9774,0.26749,0.9913,1,0.9835,2159.6,2,EUACCM EUMM,D:/TTTN/mockupgenerator/src/main/resources/mask/EUACCM/black-front-model.jpg,395a39c07c7841738b1a127150b9a3f6,"Clean single-piece mask, edges align with the source image, models agree.",accept,,labels/002_EUACCM_black_front.png,val
003_EUACCM_gold_back,images/003_EUACCM_gold_back.jpg,labels_auto/003_EUACCM_gold_back.png,overlays/003_EUACCM_gold_back.jpg,EUACCM,gold,back,EUACCM_back,1200,1200,READY,0.9798,0.37786,0.9932,2,0.9832,1622.0,2,EUACCM UKTAM11,D:/TTTN/mockupgenerator/src/main/resources/mask/EUACCM/gold-back-model.jpg,5100a632973fe128ebce3fd3e50bf95b,"Photo contains 2 products of comparable size - read as a multi-item composition, not a fragmented mask.",accept,,labels/003_EUACCM_gold_back.png,train
004_EUACCM_gold_front,images/004_EUACCM_gold_front.jpg,labels_auto/004_EUACCM_gold_front.png,overlays/004_EUACCM_gold_front.jpg,EUACCM,gold,front,EUACCM_front,1200,1200,READY,0.9807,0.2753,0.9964,1,0.9835,2145.3,2,EUACCM UKTAM11,D:/TTTN/mockupgenerator/src/main/resources/mask/EUACCM/gold-front-model.jpg,46bbf0b39a9d1fcdc51937f98ed92382,"Clean single-piece mask, edges align with the source image, models agree.",accept,,labels/004_EUACCM_gold_front.png,val
005_EUACCM_white_back,images/005_EUACCM_white_back.jpg,labels_auto/005_EUACCM_white_back.png,overlays/005_EUACCM_white_back.jpg,EUACCM,white,back,EUACCM_back,1200,1200,READY,0.9593,0.37823,0.9123,2,0.9831,1629.1,3,EUACCM UKTAM11 UKTCM11,D:/TTTN/mockupgenerator/src/main/resources/mask/EUACCM/white-back-model.jpg,331af4264bdbb97b6e0d414406b07993,"Photo contains 2 products of comparable size - read as a multi-item composition, not a fragmented mask.",accept,,labels/005_EUACCM_white_back.png,train
006_EUACCM_white_front,images/006_EUACCM_white_front.jpg,labels_auto/006_EUACCM_white_front.png,overlays/006_EUACCM_white_front.jpg,EUACCM,white,front,EUACCM_front,1200,1200,READY,0.9607,0.26669,0.9127,1,0.9833,2151.9,5,EUACCM UKTAM11 UKTCM11 USACM11 USACM11UL,D:/TTTN/mockupgenerator/src/main/resources/mask/EUACCM/white-front-model.jpg,97eb63f6f137d03094f98fbbc28ca002,"Clean single-piece mask, edges align with the source image, models agree.",accept,,labels/006_EUACCM_white_front.png,val
007_EUACCMH_black_back,images/007_EUACCMH_black_back.jpg,labels_auto/007_EUACCMH_black_back.png,overlays/007_EUACCMH_black_back.jpg,EUACCMH,black,back,EUACCMH_back,1200,1200,READY,0.9713,0.37851,0.985,2,0.9832,1645.9,4,EUACCMH UKTAM11 USAAM11 USAAM11UL,D:/TTTN/mockupgenerator/src/main/resources/mask/EUACCMH/black-back-model.jpg,0332eeaad8766b2c74f220d29eb1d38b,"Photo contains 2 products of comparable size - read as a multi-item composition, not a fragmented mask.",accept,,labels/007_EUACCMH_black_back.png,train
008_EUACCMH_black_front,images/008_EUACCMH_black_front.jpg,labels_auto/008_EUACCMH_black_front.png,overlays/008_EUACCMH_black_front.jpg,EUACCMH,black,front,EUACCMH_front,1200,1200,READY,0.9609,0.26692,0.9127,1,0.9834,2102.1,4,EUACCMH UKTAM11 USAAM11 USAAM11UL,D:/TTTN/mockupgenerator/src/main/resources/mask/EUACCMH/black-front-model.jpg,cd3431e80832c036f317436c3ece01a6,"Clean single-piece mask, edges align with the source image, models agree.",accept,,labels/008_EUACCMH_black_front.png,val
009_EUACCMH_blue_back,images/009_EUACCMH_blue_back.jpg,labels_auto/009_EUACCMH_blue_back.png,overlays/009_EUACCMH_blue_back.jpg,EUACCMH,blue,back,EUACCMH_back,1200,1200,READY,0.9608,0.37842,0.9124,2,0.9832,1666.9,9,EUACCMH UKTAM11 USAAM11 USAAM11UL USAAM15UL,D:/TTTN/mockupgenerator/src/main/resources/mask/EUACCMH/blue-back-model.jpg,15d198af4e835c712773b958b874464a,"Photo contains 2 products of comparable size - read as a multi-item composition, not a fragmented mask.",accept,,labels/009_EUACCMH_blue_back.png,train
010_EUACCMH_blue_front,images/010_EUACCMH_blue_front.jpg,labels_auto/010_EUACCMH_blue_front.png,overlays/010_EUACCMH_blue_front.jpg,EUACCMH,blue,front,EUACCMH_front,1200,1200,READY,0.961,0.26685,0.9136,1,0.9835,2089.8,9,EUACCMH UKTAM11 USAAM11 USAAM11UL USAAM15UL,D:/TTTN/mockupgenerator/src/main/resources/mask/EUACCMH/blue-front-model.jpg,7bfd46b37387e97f4533eee4200e6c7d,"Clean single-piece mask, edges align with the source image, models agree.",accept,,labels/010_EUACCMH_blue_front.png,val
011_EUACCMH_bordeaux_back,images/011_EUACCMH_bordeaux_back.jpg,labels_auto/011_EUACCMH_bordeaux_back.png,overlays/011_EUACCMH_bordeaux_back.jpg,EUACCMH,bordeaux,back,EUACCMH_back,1200,1200,READY,0.9695,0.37845,0.9774,2,0.9832,1650.5,4,EUACCMH UKTAM11 USAAM11 USAAM11UL,D:/TTTN/mockupgenerator/src/main/resources/mask/EUACCMH/bordeaux-back-model.jpg,3c3119b05e00f0076206154cb069d85d,"Photo contains 2 products of comparable size - read as a multi-item composition, not a fragmented mask.",accept,,labels/011_EUACCMH_bordeaux_back.png,train
012_EUACCMH_bordeaux_front,images/012_EUACCMH_bordeaux_front.jpg,labels_auto/012_EUACCMH_bordeaux_front.png,overlays/012_EUACCMH_bordeaux_front.jpg,EUACCMH,bordeaux,front,EUACCMH_front,1200,1200,READY,0.9725,0.2669,0.9912,1,0.9834,2127.9,4,EUACCMH UKTAM11 USAAM11 USAAM11UL,D:/TTTN/mockupgenerator/src/main/resources/mask/EUACCMH/bordeaux-front-model.jpg,10f969d2808d1ec3a0db454c1daf9ad3,"Clean single-piece mask, edges align with the source image, models agree.",accept,,labels/012_EUACCMH_bordeaux_front.png,val
013_EUACCMH_green_back,images/013_EUACCMH_green_back.jpg,labels_auto/013_EUACCMH_green_back.png,overlays/013_EUACCMH_green_back.jpg,EUACCMH,green,back,EUACCMH_back,1200,1200,READY,0.9607,0.37834,0.9124,2,0.9832,1635.8,4,EUACCMH UKTAM11 USAAM11 USAAM11UL,D:/TTTN/mockupgenerator/src/main/resources/mask/EUACCMH/green-back-model.jpg,15181038527124e1b92df3ca35e91384,"Photo contains 2 products of comparable size - read as a multi-item composition, not a fragmented mask.",accept,,labels/013_EUACCMH_green_back.png,train
014_EUACCMH_green_front,images/014_EUACCMH_green_front.jpg,labels_auto/014_EUACCMH_green_front.png,overlays/014_EUACCMH_green_front.jpg,EUACCMH,green,front,EUACCMH_front,1200,1200,READY,0.961,0.26678,0.9137,1,0.9834,2111.3,4,EUACCMH UKTAM11 USAAM11 USAAM11UL,D:/TTTN/mockupgenerator/src/main/resources/mask/EUACCMH/green-front-model.jpg,73948ad40583461674f199c9ccc91376,"Clean single-piece mask, edges align with the source image, models agree.",accept,,labels/014_EUACCMH_green_front.png,val
015_EUACCMH_light-yellow_back,images/015_EUACCMH_light-yellow_back.jpg,labels_auto/015_EUACCMH_light-yellow_back.png,overlays/015_EUACCMH_light-yellow_back.jpg,EUACCMH,light-yellow,back,EUACCMH_back,1200,1200,READY,0.9609,0.37826,0.9131,2,0.9832,1620.8,4,EUACCMH UKTAM11 USAAM11 USAAM11UL,D:/TTTN/mockupgenerator/src/main/resources/mask/EUACCMH/light-yellow-back-model.jpg,51bde898dee0fa62e5aa394f9d873172,"Photo contains 2 products of comparable size - read as a multi-item composition, not a fragmented mask.",accept,,labels/015_EUACCMH_light-yellow_back.png,train
016_EUACCMH_light-yellow_front,images/016_EUACCMH_light-yellow_front.jpg,labels_auto/016_EUACCMH_light-yellow_front.png,overlays/016_EUACCMH_light-yellow_front.jpg,EUACCMH,light-yellow,front,EUACCMH_front,1200,1200,READY,0.9609,0.26675,0.9133,1,0.9834,2105.9,4,EUACCMH UKTAM11 USAAM11 USAAM11UL,D:/TTTN/mockupgenerator/src/main/resources/mask/EUACCMH/light-yellow-front-model.jpg,4081900fece23ce10c84b42847851699,"Clean single-piece mask, edges align with the source image, models agree.",accept,,labels/016_EUACCMH_light-yellow_front.png,val
017_EUACCMH_maroon_back,images/017_EUACCMH_maroon_back.jpg,labels_auto/017_EUACCMH_maroon_back.png,overlays/017_EUACCMH_maroon_back.jpg,EUACCMH,maroon,back,EUACCMH_back,1200,1200,READY,0.9604,0.37844,0.9131,2,0.9832,1664.0,4,EUACCMH UKTAM11 USAAM11 USAAM11UL,D:/TTTN/mockupgenerator/src/main/resources/mask/EUACCMH/maroon-back-model.jpg,4964335605bfb1bfd9b9b0dd4c899f62,"Photo contains 2 products of comparable size - read as a multi-item composition, not a fragmented mask.",accept,,labels/017_EUACCMH_maroon_back.png,train
018_EUACCMH_maroon_front,images/018_EUACCMH_maroon_front.jpg,labels_auto/018_EUACCMH_maroon_front.png,overlays/018_EUACCMH_maroon_front.jpg,EUACCMH,maroon,front,EUACCMH_front,1200,1200,READY,0.961,0.26688,0.9132,1,0.9835,2098.8,4,EUACCMH UKTAM11 USAAM11 USAAM11UL,D:/TTTN/mockupgenerator/src/main/resources/mask/EUACCMH/maroon-front-model.jpg,ccd4f5eba5675c97f643c817b271e5e8,"Clean single-piece mask, edges align with the source image, models agree.",accept,,labels/018_EUACCMH_maroon_front.png,val
019_EUACCMH_navy_back,images/019_EUACCMH_navy_back.jpg,labels_auto/019_EUACCMH_navy_back.png,overlays/019_EUACCMH_navy_back.jpg,EUACCMH,navy,back,EUACCMH_back,1200,1200,READY,0.9607,0.37847,0.9116,2,0.9832,1641.5,4,EUACCMH UKTAM11 USAAM11 USAAM11UL,D:/TTTN/mockupgenerator/src/main/resources/mask/EUACCMH/navy-back-model.jpg,d07533a137818fd9884120d49b84b77e,"Photo contains 2 products of comparable size - read as a multi-item composition, not a fragmented mask.",accept,,labels/019_EUACCMH_navy_back.png,train
020_EUACCMH_navy_front,images/020_EUACCMH_navy_front.jpg,labels_auto/020_EUACCMH_navy_front.png,overlays/020_EUACCMH_navy_front.jpg,EUACCMH,navy,front,EUACCMH_front,1200,1200,READY,0.961,0.26689,0.9135,1,0.9835,2212.5,4,EUACCMH UKTAM11 USAAM11 USAAM11UL,D:/TTTN/mockupgenerator/src/main/resources/mask/EUACCMH/navy-front-model.jpg,e547af7a00cd56082f32a1c2665fe1e7,"Clean single-piece mask, edges align with the source image, models agree.",accept,,labels/020_EUACCMH_navy_front.png,val
021_EUACCMH_orange_back,images/021_EUACCMH_orange_back.jpg,labels_auto/021_EUACCMH_orange_back.png,overlays/021_EUACCMH_orange_back.jpg,EUACCMH,orange,back,EUACCMH_back,1200,1200,READY,0.9722,0.37835,0.9834,2,0.9832,1613.1,4,EUACCMH UKTAM11 USAAM11 USAAM11UL,D:/TTTN/mockupgenerator/src/main/resources/mask/EUACCMH/orange-back-model.jpg,cc77709dab257190ab798b199ca85870,"Photo contains 2 products of comparable size - read as a multi-item composition, not a fragmented mask.",accept,,labels/021_EUACCMH_orange_back.png,train
022_EUACCMH_orange_front,images/022_EUACCMH_orange_front.jpg,labels_auto/022_EUACCMH_orange_front.png,overlays/022_EUACCMH_orange_front.jpg,EUACCMH,orange,front,EUACCMH_front,1200,1200,READY,0.9806,0.26682,0.9957,1,0.9835,2145.4,4,EUACCMH UKTAM11 USAAM11 USAAM11UL,D:/TTTN/mockupgenerator/src/main/resources/mask/EUACCMH/orange-front-model.jpg,8db7e2b0ca36c301fbbbec04355ea782,"Clean single-piece mask, edges align with the source image, models agree.",accept,,labels/022_EUACCMH_orange_front.png,val
023_EUACCMH_pink_back,images/023_EUACCMH_pink_back.jpg,labels_auto/023_EUACCMH_pink_back.png,overlays/023_EUACCMH_pink_back.jpg,EUACCMH,pink,back,EUACCMH_back,1200,1200,READY,0.9609,0.37832,0.913,2,0.9832,1598.8,4,EUACCMH UKTAM11 USAAM11 USAAM11UL,D:/TTTN/mockupgenerator/src/main/resources/mask/EUACCMH/pink-back-model.jpg,775afcf40501a3c0e564cb9ec034765f,"Photo contains 2 products of comparable size - read as a multi-item composition, not a fragmented mask.",accept,,labels/023_EUACCMH_pink_back.png,train
024_EUACCMH_pink_front,images/024_EUACCMH_pink_front.jpg,labels_auto/024_EUACCMH_pink_front.png,overlays/024_EUACCMH_pink_front.jpg,EUACCMH,pink,front,EUACCMH_front,1200,1200,READY,0.9609,0.26679,0.9131,1,0.9834,2092.1,4,EUACCMH UKTAM11 USAAM11 USAAM11UL,D:/TTTN/mockupgenerator/src/main/resources/mask/EUACCMH/pink-front-model.jpg,88db0b27c90b4d0c4777a83177bb7928,"Clean single-piece mask, edges align with the source image, models agree.",accept,,labels/024_EUACCMH_pink_front.png,val
025_EUACCMH_red_back,images/025_EUACCMH_red_back.jpg,labels_auto/025_EUACCMH_red_back.png,overlays/025_EUACCMH_red_back.jpg,EUACCMH,red,back,EUACCMH_back,1200,1200,READY,0.9607,0.37839,0.9117,2,0.9832,1722.7,4,EUACCMH UKTAM11 USAAM11 USAAM11UL,D:/TTTN/mockupgenerator/src/main/resources/mask/EUACCMH/red-back-model.jpg,935113dfbb57963f5283e964e700ac36,"Photo contains 2 products of comparable size - read as a multi-item composition, not a fragmented mask.",accept,,labels/025_EUACCMH_red_back.png,train
026_EUACCMH_red_front,images/026_EUACCMH_red_front.jpg,labels_auto/026_EUACCMH_red_front.png,overlays/026_EUACCMH_red_front.jpg,EUACCMH,red,front,EUACCMH_front,1200,1200,READY,0.9609,0.26686,0.913,1,0.9835,2131.3,4,EUACCMH UKTAM11 USAAM11 USAAM11UL,D:/TTTN/mockupgenerator/src/main/resources/mask/EUACCMH/red-front-model.jpg,be37c5eefd69d2c090c64f47a7932e08,"Clean single-piece mask, edges align with the source image, models agree.",accept,,labels/026_EUACCMH_red_front.png,val
027_EUACCMH_yellow_back,images/027_EUACCMH_yellow_back.jpg,labels_auto/027_EUACCMH_yellow_back.png,overlays/027_EUACCMH_yellow_back.jpg,EUACCMH,yellow,back,EUACCMH_back,1200,1200,READY,0.9607,0.3782,0.9159,2,0.9832,1685.0,4,EUACCMH UKTAM11 USAAM11 USAAM11UL,D:/TTTN/mockupgenerator/src/main/resources/mask/EUACCMH/yellow-back-model.jpg,e613c6330edb86b9c939f58e772287b2,"Photo contains 2 products of comparable size - read as a multi-item composition, not a fragmented mask.",accept,,labels/027_EUACCMH_yellow_back.png,train
028_EUACCMH_yellow_front,images/028_EUACCMH_yellow_front.jpg,labels_auto/028_EUACCMH_yellow_front.png,overlays/028_EUACCMH_yellow_front.jpg,EUACCMH,yellow,front,EUACCMH_front,1200,1200,READY,0.9609,0.26672,0.9133,1,0.9834,2164.4,4,EUACCMH UKTAM11 USAAM11 USAAM11UL,D:/TTTN/mockupgenerator/src/main/resources/mask/EUACCMH/yellow-front-model.jpg,f2b0fa398b8ffb25df8a59c73efbabed,"Clean single-piece mask, edges align with the source image, models agree.",accept,,labels/028_EUACCMH_yellow_front.png,val
029_EUACM15_black_back,images/029_EUACM15_black_back.jpg,labels_auto/029_EUACM15_black_back.png,overlays/029_EUACM15_black_back.jpg,EUACM15,black,back,EUACM15_back,1200,1200,READY,0.9676,0.37519,0.9838,2,0.9821,1649.2,3,EUACM15 USACM15 USGACM15UL,D:/TTTN/mockupgenerator/src/main/resources/mask/EUACM15/black-back-model.jpg,efbdf25522000cb443f891d1135c4b81,"Photo contains 2 products of comparable size - read as a multi-item composition, not a fragmented mask.",accept,,labels/029_EUACM15_black_back.png,train
030_EUACM15_black_front,images/030_EUACM15_black_front.jpg,labels_auto/030_EUACM15_black_front.png,overlays/030_EUACM15_black_front.jpg,EUACM15,black,front,EUACM15_front,1200,1200,READY,0.9718,0.25852,0.9952,1,0.9819,2161.2,3,EUACM15 USACM15 USGACM15UL,D:/TTTN/mockupgenerator/src/main/resources/mask/EUACM15/black-front-model.jpg,0d4d321287f365e68b2e7b812de23bd7,"Clean single-piece mask, edges align with the source image, models agree.",accept,,labels/030_EUACM15_black_front.png,train
031_EUACM15_white_back,images/031_EUACM15_white_back.jpg,labels_auto/031_EUACM15_white_back.png,overlays/031_EUACM15_white_back.jpg,EUACM15,white,back,EUACM15_back,1200,1200,READY,0.9456,0.36311,0.8965,2,0.9767,1635.5,3,EUACM15 USACM15 USGACM15UL,D:/TTTN/mockupgenerator/src/main/resources/mask/EUACM15/white-back-model.jpg,faf17a781352a02fb34fd81b9172616d,"Photo contains 2 products of comparable size - read as a multi-item composition, not a fragmented mask.",accept,,labels/031_EUACM15_white_back.png,train
032_EUACM15_white_front,images/032_EUACM15_white_front.jpg,labels_auto/032_EUACM15_white_front.png,overlays/032_EUACM15_white_front.jpg,EUACM15,white,front,EUACM15_front,1200,1200,READY,0.9468,0.25849,0.858,1,0.9779,2141.3,3,EUACM15 USACM15 USGACM15UL,D:/TTTN/mockupgenerator/src/main/resources/mask/EUACM15/white-front-model.jpg,30026dd8f3a33095ac4d58ea2e29c171,"Clean single-piece mask, edges align with the source image, models agree.",accept,,labels/032_EUACM15_white_front.png,train
033_EUMM_black-white_back,images/033_EUMM_black-white_back.jpg,labels_auto/033_EUMM_black-white_back.png,overlays/033_EUMM_black-white_back.jpg,EUMM,black-white,back,EUMM_back,1200,1200,REVIEW,0.9039,0.31758,0.9507,2,0.9702,2171.7,3,EUMM UKTMM11 USGAMM11,D:/TTTN/mockupgenerator/src/main/resources/mask/EUMM/black&white-back-model.jpg,f6e4fc62800af0bae48faeb0ca209f4d,"Photo contains 2 products of comparable size - read as a multi-item composition, not a fragmented mask.",accept,,labels/033_EUMM_black-white_back.png,train
034_EUMM_black-white_front,images/034_EUMM_black-white_front.jpg,labels_auto/034_EUMM_black-white_front.png,overlays/034_EUMM_black-white_front.jpg,EUMM,black-white,front,EUMM_front,1200,1200,READY,0.9264,0.29473,0.9892,1,0.9723,2158.8,3,EUMM UKTMM11 USGAMM11,D:/TTTN/mockupgenerator/src/main/resources/mask/EUMM/black&white-front-model.jpg,cd4b25875fd86282a3b198203489c401,"Clean single-piece mask, edges align with the source image, models agree.",accept,,labels/034_EUMM_black-white_front.png,train
035_UKTMM11_black_back,images/035_UKTMM11_black_back.jpg,labels_auto/035_UKTMM11_black_back.png,overlays/035_UKTMM11_black_back.jpg,UKTMM11,black,back,UKTMM11_back,1200,1200,READY,0.9385,0.40413,0.9909,1,0.9172,2163.7,1,UKTMM11,D:/TTTN/mockupgenerator/src/main/resources/mask/UKTMM11/black-back-model.jpg,b67c05d558f621c2144b33c8b965975a,"Clean single-piece mask, edges align with the source image, models agree.",accept,,labels/035_UKTMM11_black_back.png,train
036_UKTMM11_black_front,images/036_UKTMM11_black_front.jpg,labels_auto/036_UKTMM11_black_front.png,overlays/036_UKTMM11_black_front.jpg,UKTMM11,black,front,UKTMM11_front,1200,1200,READY,0.9512,0.4046,0.9908,1,0.9183,2157.3,1,UKTMM11,D:/TTTN/mockupgenerator/src/main/resources/mask/UKTMM11/black-front-model.jpg,a5b6821c6b8e67676988a8c9b7b6bc30,"Clean single-piece mask, edges align with the source image, models agree.",accept,,labels/036_UKTMM11_black_front.png,train
037_US3DAM11_black_back,images/037_US3DAM11_black_back.jpg,labels_auto/037_US3DAM11_black_back.png,overlays/037_US3DAM11_black_back.jpg,US3DAM11,black,back,US3DAM11_back,1200,1200,READY,0.9702,0.37848,0.9832,2,0.9833,1672.8,4,US3DAM11 US3DAM11UL USAAM11FB USGAM11UL,D:/TTTN/mockupgenerator/src/main/resources/mask/US3DAM11/black-back-model.jpg,b99c2b1bbf5d9d561731a85e4fec0aeb,"Photo contains 2 products of comparable size - read as a multi-item composition, not a fragmented mask.",accept,,labels/037_US3DAM11_black_back.png,train
038_US3DAM11_black_front,images/038_US3DAM11_black_front.jpg,labels_auto/038_US3DAM11_black_front.png,overlays/038_US3DAM11_black_front.jpg,US3DAM11,black,front,US3DAM11_front,1200,1200,READY,0.9609,0.26693,0.9126,1,0.9835,2161.7,4,US3DAM11 US3DAM11UL USAAM11FB USGAM11UL,D:/TTTN/mockupgenerator/src/main/resources/mask/US3DAM11/black-front-model.jpg,844d69c56187dff25dda2eb418826965,"Clean single-piece mask, edges align with the source image, models agree.",accept,,labels/038_US3DAM11_black_front.png,train
039_US3DAM11_light-blue_back,images/039_US3DAM11_light-blue_back.jpg,labels_auto/039_US3DAM11_light-blue_back.png,overlays/039_US3DAM11_light-blue_back.jpg,US3DAM11,light-blue,back,US3DAM11_back,1200,1200,READY,0.9609,0.37839,0.9121,2,0.9832,1641.2,4,US3DAM11 US3DAM11UL USAAM11FB USGAM11UL,D:/TTTN/mockupgenerator/src/main/resources/mask/US3DAM11/lightblue-back-model.jpg,7cb2cf3ac145d96876d75c260928b50a,"Photo contains 2 products of comparable size - read as a multi-item composition, not a fragmented mask.",accept,,labels/039_US3DAM11_light-blue_back.png,train
040_US3DAM11_light-blue_front,images/040_US3DAM11_light-blue_front.jpg,labels_auto/040_US3DAM11_light-blue_front.png,overlays/040_US3DAM11_light-blue_front.jpg,US3DAM11,light-blue,front,US3DAM11_front,1200,1200,READY,0.961,0.26686,0.9135,1,0.9835,2143.6,4,US3DAM11 US3DAM11UL USAAM11FB USGAM11UL,D:/TTTN/mockupgenerator/src/main/resources/mask/US3DAM11/lightblue-front-model.jpg,c4a7a3c176f8ad9b4cfc047e3dc1bcec,"Clean single-piece mask, edges align with the source image, models agree.",accept,,labels/040_US3DAM11_light-blue_front.png,train
041_US3DAM11_light-green_back,images/041_US3DAM11_light-green_back.jpg,labels_auto/041_US3DAM11_light-green_back.png,overlays/041_US3DAM11_light-green_back.jpg,US3DAM11,light-green,back,US3DAM11_back,1200,1200,READY,0.9607,0.37831,0.912,2,0.9833,1663.9,4,US3DAM11 US3DAM11UL USAAM11FB USGAM11UL,D:/TTTN/mockupgenerator/src/main/resources/mask/US3DAM11/lightgreen-back-model.jpg,402fae27d6b4c52d85a019ab50b64ce7,"Photo contains 2 products of comparable size - read as a multi-item composition, not a fragmented mask.",accept,,labels/041_US3DAM11_light-green_back.png,train
042_US3DAM11_light-green_front,images/042_US3DAM11_light-green_front.jpg,labels_auto/042_US3DAM11_light-green_front.png,overlays/042_US3DAM11_light-green_front.jpg,US3DAM11,light-green,front,US3DAM11_front,1200,1200,READY,0.9611,0.26679,0.9137,1,0.9836,2129.7,4,US3DAM11 US3DAM11UL USAAM11FB USGAM11UL,D:/TTTN/mockupgenerator/src/main/resources/mask/US3DAM11/lightgreen-front-model.jpg,3b62d557f0111b59befb56179fe0adac,"Clean single-piece mask, edges align with the source image, models agree.",accept,,labels/042_US3DAM11_light-green_front.png,train
043_US3DAM11_maroon_back,images/043_US3DAM11_maroon_back.jpg,labels_auto/043_US3DAM11_maroon_back.png,overlays/043_US3DAM11_maroon_back.jpg,US3DAM11,maroon,back,US3DAM11_back,1200,1200,READY,0.9604,0.37841,0.9127,2,0.9833,1636.5,4,US3DAM11 US3DAM11UL USAAM11FB USGAM11UL,D:/TTTN/mockupgenerator/src/main/resources/mask/US3DAM11/maroon-back-model.jpg,082b98990db8c5287e9db51f3986e1ed,"Photo contains 2 products of comparable size - read as a multi-item composition, not a fragmented mask.",accept,,labels/043_US3DAM11_maroon_back.png,train
044_US3DAM11_maroon_front,images/044_US3DAM11_maroon_front.jpg,labels_auto/044_US3DAM11_maroon_front.png,overlays/044_US3DAM11_maroon_front.jpg,US3DAM11,maroon,front,US3DAM11_front,1200,1200,READY,0.961,0.26688,0.9132,1,0.9836,2141.8,4,US3DAM11 US3DAM11UL USAAM11FB USGAM11UL,D:/TTTN/mockupgenerator/src/main/resources/mask/US3DAM11/maroon-front-model.jpg,a09f399a3ef084cf100cab06035099bf,"Clean single-piece mask, edges align with the source image, models agree.",accept,,labels/044_US3DAM11_maroon_front.png,train
045_US3DAM11_navy_back,images/045_US3DAM11_navy_back.jpg,labels_auto/045_US3DAM11_navy_back.png,overlays/045_US3DAM11_navy_back.jpg,US3DAM11,navy,back,US3DAM11_back,1200,1200,READY,0.9608,0.37844,0.9113,2,0.9833,1658.5,4,US3DAM11 US3DAM11UL USAAM11FB USGAM11UL,D:/TTTN/mockupgenerator/src/main/resources/mask/US3DAM11/navy-back-model.jpg,00556a51975a71522d4c90c1aaee5fbe,"Photo contains 2 products of comparable size - read as a multi-item composition, not a fragmented mask.",accept,,labels/045_US3DAM11_navy_back.png,train
046_US3DAM11_navy_front,images/046_US3DAM11_navy_front.jpg,labels_auto/046_US3DAM11_navy_front.png,overlays/046_US3DAM11_navy_front.jpg,US3DAM11,navy,front,US3DAM11_front,1200,1200,READY,0.961,0.2669,0.9134,1,0.9836,2149.6,4,US3DAM11 US3DAM11UL USAAM11FB USGAM11UL,D:/TTTN/mockupgenerator/src/main/resources/mask/US3DAM11/navy-front-model.jpg,16ca54a0ac9d5d4f6d436b5be2a47fc3,"Clean single-piece mask, edges align with the source image, models agree.",accept,,labels/046_US3DAM11_navy_front.png,train
047_US3DAM11_orange_back,images/047_US3DAM11_orange_back.jpg,labels_auto/047_US3DAM11_orange_back.png,overlays/047_US3DAM11_orange_back.jpg,US3DAM11,orange,back,US3DAM11_back,1200,1200,READY,0.9723,0.37832,0.9835,2,0.9833,1627.0,4,US3DAM11 US3DAM11UL USAAM11FB USGAM11UL,D:/TTTN/mockupgenerator/src/main/resources/mask/US3DAM11/orange-back-model.jpg,be2b633d04dca79f1dd6d2448f24adf7,"Photo contains 2 products of comparable size - read as a multi-item composition, not a fragmented mask.",accept,,labels/047_US3DAM11_orange_back.png,train
048_US3DAM11_orange_front,images/048_US3DAM11_orange_front.jpg,labels_auto/048_US3DAM11_orange_front.png,overlays/048_US3DAM11_orange_front.jpg,US3DAM11,orange,front,US3DAM11_front,1200,1200,READY,0.9807,0.26682,0.9958,1,0.9836,2140.9,4,US3DAM11 US3DAM11UL USAAM11FB USGAM11UL,D:/TTTN/mockupgenerator/src/main/resources/mask/US3DAM11/orange-front-model.jpg,05c0f11a3d00dbe99d2296065bce3925,"Clean single-piece mask, edges align with the source image, models agree.",accept,,labels/048_US3DAM11_orange_front.png,train
049_US3DAM11_pink_back,images/049_US3DAM11_pink_back.jpg,labels_auto/049_US3DAM11_pink_back.png,overlays/049_US3DAM11_pink_back.jpg,US3DAM11,pink,back,US3DAM11_back,1200,1200,READY,0.961,0.37829,0.9129,2,0.9833,1673.6,4,US3DAM11 US3DAM11UL USAAM11FB USGAM11UL,D:/TTTN/mockupgenerator/src/main/resources/mask/US3DAM11/pink-back-model.jpg,3f890f99100ecacfe2e8c90470da93d4,"Photo contains 2 products of comparable size - read as a multi-item composition, not a fragmented mask.",accept,,labels/049_US3DAM11_pink_back.png,train
050_US3DAM11_pink_front,images/050_US3DAM11_pink_front.jpg,labels_auto/050_US3DAM11_pink_front.png,overlays/050_US3DAM11_pink_front.jpg,US3DAM11,pink,front,US3DAM11_front,1200,1200,READY,0.961,0.2668,0.9132,1,0.9836,2148.9,4,US3DAM11 US3DAM11UL USAAM11FB USGAM11UL,D:/TTTN/mockupgenerator/src/main/resources/mask/US3DAM11/pink-front-model.jpg,af94204059e6474cb6e6ef4aa7966cf6,"Clean single-piece mask, edges align with the source image, models agree.",accept,,labels/050_US3DAM11_pink_front.png,train
051_US3DAM11_red_back,images/051_US3DAM11_red_back.jpg,labels_auto/051_US3DAM11_red_back.png,overlays/051_US3DAM11_red_back.jpg,US3DAM11,red,back,US3DAM11_back,1200,1200,READY,0.9606,0.37838,0.9111,2,0.9833,1617.9,4,US3DAM11 US3DAM11UL USAAM11FB USGAM11UL,D:/TTTN/mockupgenerator/src/main/resources/mask/US3DAM11/red-back-model.jpg,a12ff892f98d87ca890cb7cc7932289d,"Photo contains 2 products of comparable size - read as a multi-item composition, not a fragmented mask.",accept,,labels/051_US3DAM11_red_back.png,train
052_US3DAM11_red_front,images/052_US3DAM11_red_front.jpg,labels_auto/052_US3DAM11_red_front.png,overlays/052_US3DAM11_red_front.jpg,US3DAM11,red,front,US3DAM11_front,1200,1200,READY,0.961,0.26687,0.913,1,0.9835,2116.8,4,US3DAM11 US3DAM11UL USAAM11FB USGAM11UL,D:/TTTN/mockupgenerator/src/main/resources/mask/US3DAM11/red-front-model.jpg,aaf2b000da5a3c67e2cdcf69d372a0a4,"Clean single-piece mask, edges align with the source image, models agree.",accept,,labels/052_US3DAM11_red_front.png,train
053_US3DAM11_yellow_back,images/053_US3DAM11_yellow_back.jpg,labels_auto/053_US3DAM11_yellow_back.png,overlays/053_US3DAM11_yellow_back.jpg,US3DAM11,yellow,back,US3DAM11_back,1200,1200,READY,0.9606,0.3782,0.9156,2,0.9833,1690.0,4,US3DAM11 US3DAM11UL USAAM11FB USGAM11UL,D:/TTTN/mockupgenerator/src/main/resources/mask/US3DAM11/yellow-back-model.jpg,f82da781499bfb3b5f47361513371f2a,"Photo contains 2 products of comparable size - read as a multi-item composition, not a fragmented mask.",accept,,labels/053_US3DAM11_yellow_back.png,train
054_US3DAM11_yellow_front,images/054_US3DAM11_yellow_front.jpg,labels_auto/054_US3DAM11_yellow_front.png,overlays/054_US3DAM11_yellow_front.jpg,US3DAM11,yellow,front,US3DAM11_front,1200,1200,READY,0.961,0.26673,0.9135,1,0.9836,2149.1,4,US3DAM11 US3DAM11UL USAAM11FB USGAM11UL,D:/TTTN/mockupgenerator/src/main/resources/mask/US3DAM11/yellow-front-model.jpg,42a32b8a5dbca3c727be417a9bc50466,"Clean single-piece mask, edges align with the source image, models agree.",accept,,labels/054_US3DAM11_yellow_front.png,train
055_US3DAM15_black_back,images/055_US3DAM15_black_back.jpg,labels_auto/055_US3DAM15_black_back.png,overlays/055_US3DAM15_black_back.jpg,US3DAM15,black,back,US3DAM15_back,1200,1200,REVIEW,0.9379,0.36925,0.9924,2,0.8551,1666.2,2,US3DAM15 US3DAM15UL,D:/TTTN/mockupgenerator/src/main/resources/mask/US3DAM15/black-back-model.jpg,a71cb9ea760d0dfb7af2622b50c1e1fa,"Silhouette is atypical for drinkware (bbox fill 0.4972, aspect 1.237) - the mask may include a neighbouring object.",accept,,labels/055_US3DAM15_black_back.png,train
056_US3DAM15_black_front,images/056_US3DAM15_black_front.jpg,labels_auto/056_US3DAM15_black_front.png,overlays/056_US3DAM15_black_front.jpg,US3DAM15,black,front,US3DAM15_front,1200,1200,READY,0.97,0.26839,0.9907,1,0.9797,2139.3,2,US3DAM15 US3DAM15UL,D:/TTTN/mockupgenerator/src/main/resources/mask/US3DAM15/black-front-model.jpg,1c0116e0fc1f6cdde15df619f67388d9,"Clean single-piece mask, edges align with the source image, models agree.",accept,,labels/056_US3DAM15_black_front.png,train
057_US3DAM15_light-blue_back,images/057_US3DAM15_light-blue_back.jpg,labels_auto/057_US3DAM15_light-blue_back.png,overlays/057_US3DAM15_light-blue_back.jpg,US3DAM15,light-blue,back,US3DAM15_back,1200,1200,REVIEW,0.9377,0.36941,0.9918,2,0.8551,1660.1,3,US3DAM15 US3DAM15UL USAAM15FB,D:/TTTN/mockupgenerator/src/main/resources/mask/US3DAM15/lightblue-back-model.jpg,f8f7fb387bfb75a11efaad65b6421c88,"Silhouette is atypical for drinkware (bbox fill 0.4974, aspect 1.237) - the mask may include a neighbouring object.",accept,,labels/057_US3DAM15_light-blue_back.png,train
058_US3DAM15_light-blue_front,images/058_US3DAM15_light-blue_front.jpg,labels_auto/058_US3DAM15_light-blue_front.png,overlays/058_US3DAM15_light-blue_front.jpg,US3DAM15,light-blue,front,US3DAM15_front,1200,1200,READY,0.9677,0.26849,0.9895,1,0.9796,2143.3,3,US3DAM15 US3DAM15UL USAAM15FB,D:/TTTN/mockupgenerator/src/main/resources/mask/US3DAM15/lightblue-front-model.jpg,3e8af9b175a8058713121482bf89c494,"Clean single-piece mask, edges align with the source image, models agree.",accept,,labels/058_US3DAM15_light-blue_front.png,train
059_US3DAM15_light-green_back,images/059_US3DAM15_light-green_back.jpg,labels_auto/059_US3DAM15_light-green_back.png,overlays/059_US3DAM15_light-green_back.jpg,US3DAM15,light-green,back,US3DAM15_back,1200,1200,REVIEW,0.9371,0.36955,0.9918,2,0.8549,1613.4,3,US3DAM15 US3DAM15UL USAAM15FB,D:/TTTN/mockupgenerator/src/main/resources/mask/US3DAM15/lightgreen-back-model.jpg,fc671f861ebe5fe9f2de50319b51f2ce,"Silhouette is atypical for drinkware (bbox fill 0.4976, aspect 1.237) - the mask may include a neighbouring object.",accept,,labels/059_US3DAM15_light-green_back.png,train
060_US3DAM15_light-green_front,images/060_US3DAM15_light-green_front.jpg,labels_auto/060_US3DAM15_light-green_front.png,overlays/060_US3DAM15_light-green_front.jpg,US3DAM15,light-green,front,US3DAM15_front,1200,1200,READY,0.9671,0.26857,0.9899,1,0.9795,2132.9,3,US3DAM15 US3DAM15UL USAAM15FB,D:/TTTN/mockupgenerator/src/main/resources/mask/US3DAM15/lightgreen-front-model.jpg,daf933d0ba75d478c933c2677eeab1b5,"Clean single-piece mask, edges align with the source image, models agree.",accept,,labels/060_US3DAM15_light-green_front.png,train
061_US3DAM15_maroon_back,images/061_US3DAM15_maroon_back.jpg,labels_auto/061_US3DAM15_maroon_back.png,overlays/061_US3DAM15_maroon_back.jpg,US3DAM15,maroon,back,US3DAM15_back,1200,1200,REVIEW,0.9382,0.36932,0.9933,2,0.8551,1664.9,3,US3DAM15 US3DAM15UL USAAM15FB,D:/TTTN/mockupgenerator/src/main/resources/mask/US3DAM15/maroon-back-model.jpg,1088cdd212c0f7259f3855c304aa9ff3,"Silhouette is atypical for drinkware (bbox fill 0.4973, aspect 1.237) - the mask may include a neighbouring object.",accept,,labels/061_US3DAM15_maroon_back.png,train
062_US3DAM15_maroon_front,images/062_US3DAM15_maroon_front.jpg,labels_auto/062_US3DAM15_maroon_front.png,overlays/062_US3DAM15_maroon_front.jpg,US3DAM15,maroon,front,US3DAM15_front,1200,1200,READY,0.9713,0.26843,0.9924,1,0.9796,2170.1,3,US3DAM15 US3DAM15UL USAAM15FB,D:/TTTN/mockupgenerator/src/main/resources/mask/US3DAM15/maroon-front-model.jpg,ed8a9164ac46d22512c7ad9f71436852,"Clean single-piece mask, edges align with the source image, models agree.",accept,,labels/062_US3DAM15_maroon_front.png,train
063_US3DAM15_navy_back,images/063_US3DAM15_navy_back.jpg,labels_auto/063_US3DAM15_navy_back.png,overlays/063_US3DAM15_navy_back.jpg,US3DAM15,navy,back,US3DAM15_back,1200,1200,REVIEW,0.9379,0.36932,0.9918,2,0.8551,1675.0,3,US3DAM15 US3DAM15UL USAAM15FB,D:/TTTN/mockupgenerator/src/main/resources/mask/US3DAM15/navy-back-model.jpg,062c321f2f308ca417e8cda8f6be3256,"Silhouette is atypical for drinkware (bbox fill 0.4973, aspect 1.237) - the mask may include a neighbouring object.",accept,,labels/063_US3DAM15_navy_back.png,train
064_US3DAM15_navy_front,images/064_US3DAM15_navy_front.jpg,labels_auto/064_US3DAM15_navy_front.png,overlays/064_US3DAM15_navy_front.jpg,US3DAM15,navy,front,US3DAM15_front,1200,1200,READY,0.9689,0.26843,0.9899,1,0.9796,2114.9,3,US3DAM15 US3DAM15UL USAAM15FB,D:/TTTN/mockupgenerator/src/main/resources/mask/US3DAM15/navy-front-model.jpg,33aa6ea281f88524ada4f5f58c4d7b84,"Clean single-piece mask, edges align with the source image, models agree.",accept,,labels/064_US3DAM15_navy_front.png,train
065_US3DAM15_orange_back,images/065_US3DAM15_orange_back.jpg,labels_auto/065_US3DAM15_orange_back.png,overlays/065_US3DAM15_orange_back.jpg,US3DAM15,orange,back,US3DAM15_back,1200,1200,REVIEW,0.9371,0.36949,0.9918,2,0.8549,1667.2,3,US3DAM15 US3DAM15UL USAAM15FB,D:/TTTN/mockupgenerator/src/main/resources/mask/US3DAM15/orange-back-model.jpg,29f70c81c14a76b52bbe3ff760f7b57a,"Silhouette is atypical for drinkware (bbox fill 0.4975, aspect 1.237) - the mask may include a neighbouring object.",accept,,labels/065_US3DAM15_orange_back.png,train
066_US3DAM15_orange_front,images/066_US3DAM15_orange_front.jpg,labels_auto/066_US3DAM15_orange_front.png,overlays/066_US3DAM15_orange_front.jpg,US3DAM15,orange,front,US3DAM15_front,1200,1200,READY,0.9707,0.26852,0.9913,1,0.9796,2139.4,3,US3DAM15 US3DAM15UL USAAM15FB,D:/TTTN/mockupgenerator/src/main/resources/mask/US3DAM15/orange-front-model.jpg,2f8d3930df95e9322d9ed9b2f79a477b,"Clean single-piece mask, edges align with the source image, models agree.",accept,,labels/066_US3DAM15_orange_front.png,train
067_US3DAM15_pink_back,images/067_US3DAM15_pink_back.jpg,labels_auto/067_US3DAM15_pink_back.png,overlays/067_US3DAM15_pink_back.jpg,US3DAM15,pink,back,US3DAM15_back,1200,1200,REVIEW,0.9376,0.36957,0.9936,2,0.8549,1638.9,3,US3DAM15 US3DAM15UL USAAM15FB,D:/TTTN/mockupgenerator/src/main/resources/mask/US3DAM15/pink-back-model.jpg,c3718b25ffa40e21d67c842b177a42fe,"Silhouette is atypical for drinkware (bbox fill 0.4976, aspect 1.237) - the mask may include a neighbouring object.",accept,,labels/067_US3DAM15_pink_back.png,train
068_US3DAM15_pink_front,images/068_US3DAM15_pink_front.jpg,labels_auto/068_US3DAM15_pink_front.png,overlays/068_US3DAM15_pink_front.jpg,US3DAM15,pink,front,US3DAM15_front,1200,1200,READY,0.9711,0.26858,0.9925,1,0.9795,2133.7,3,US3DAM15 US3DAM15UL USAAM15FB,D:/TTTN/mockupgenerator/src/main/resources/mask/US3DAM15/pink-front-model.jpg,a968b1eca8050842ae0ae2c3b76e1017,"Clean single-piece mask, edges align with the source image, models agree.",accept,,labels/068_US3DAM15_pink_front.png,train
069_US3DAM15_red_back,images/069_US3DAM15_red_back.jpg,labels_auto/069_US3DAM15_red_back.png,overlays/069_US3DAM15_red_back.jpg,US3DAM15,red,back,US3DAM15_back,1200,1200,REVIEW,0.9378,0.36933,0.9923,2,0.8551,1644.6,3,US3DAM15 US3DAM15UL USAAM15FB,D:/TTTN/mockupgenerator/src/main/resources/mask/US3DAM15/red-back-model.jpg,68cef5fce12fe3cb32de3f2d7c5de039,"Silhouette is atypical for drinkware (bbox fill 0.4973, aspect 1.237) - the mask may include a neighbouring object.",accept,,labels/069_US3DAM15_red_back.png,train
070_US3DAM15_red_front,images/070_US3DAM15_red_front.jpg,labels_auto/070_US3DAM15_red_front.png,overlays/070_US3DAM15_red_front.jpg,US3DAM15,red,front,US3DAM15_front,1200,1200,READY,0.9712,0.26842,0.9915,1,0.9796,2103.1,3,US3DAM15 US3DAM15UL USAAM15FB,D:/TTTN/mockupgenerator/src/main/resources/mask/US3DAM15/red-front-model.jpg,91c82dd8ca7f507d7f4f6610b86d1b04,"Clean single-piece mask, edges align with the source image, models agree.",accept,,labels/070_US3DAM15_red_front.png,train
071_US3DAM15_yellow_back,images/071_US3DAM15_yellow_back.jpg,labels_auto/071_US3DAM15_yellow_back.png,overlays/071_US3DAM15_yellow_back.jpg,US3DAM15,yellow,back,US3DAM15_back,1200,1200,REVIEW,0.9366,0.36969,0.9924,2,0.8548,1694.6,3,US3DAM15 US3DAM15UL USAAM15FB,D:/TTTN/mockupgenerator/src/main/resources/mask/US3DAM15/yellow-back-model.jpg,88866fb6d5d3b623d87c6e63b4c84f41,"Silhouette is atypical for drinkware (bbox fill 0.4978, aspect 1.237) - the mask may include a neighbouring object.",accept,,labels/071_US3DAM15_yellow_back.png,train
072_US3DAM15_yellow_front,images/072_US3DAM15_yellow_front.jpg,labels_auto/072_US3DAM15_yellow_front.png,overlays/072_US3DAM15_yellow_front.jpg,US3DAM15,yellow,front,US3DAM15_front,1200,1200,READY,0.9682,0.26867,0.9918,1,0.9794,2118.5,3,US3DAM15 US3DAM15UL USAAM15FB,D:/TTTN/mockupgenerator/src/main/resources/mask/US3DAM15/yellow-front-model.jpg,b01fdb09490b0c6466f219fe072d1e18,"Clean single-piece mask, edges align with the source image, models agree.",accept,,labels/072_US3DAM15_yellow_front.png,train
073_US3DCM11_black_back,images/073_US3DCM11_black_back.jpg,labels_auto/073_US3DCM11_black_back.png,overlays/073_US3DCM11_black_back.jpg,US3DCM11,black,back,US3DCM11_back,1200,1200,READY,0.9786,0.38017,0.9896,2,0.9833,1674.5,2,US3DCM11 US3DCM11UL,D:/TTTN/mockupgenerator/src/main/resources/mask/US3DCM11/black-back-model.jpg,92fb3b0916951db38823c3ec649e4c97,"Photo contains 2 products of comparable size - read as a multi-item composition, not a fragmented mask.",accept,,labels/073_US3DCM11_black_back.png,test
074_US3DCM11_black_front,images/074_US3DCM11_black_front.jpg,labels_auto/074_US3DCM11_black_front.png,overlays/074_US3DCM11_black_front.jpg,US3DCM11,black,front,US3DCM11_front,1200,1200,READY,0.9774,0.26738,0.9912,1,0.9836,2133.7,2,US3DCM11 US3DCM11UL,D:/TTTN/mockupgenerator/src/main/resources/mask/US3DCM11/black-front-model.jpg,3195e9aa20ac6989a0079547175f90d9,"Clean single-piece mask, edges align with the source image, models agree.",accept,,labels/074_US3DCM11_black_front.png,train
075_US3DCM11_white_back,images/075_US3DCM11_white_back.jpg,labels_auto/075_US3DCM11_white_back.png,overlays/075_US3DCM11_white_back.jpg,US3DCM11,white,back,US3DCM11_back,1200,1200,READY,0.9593,0.38011,0.9122,2,0.9832,1642.7,2,US3DCM11 US3DCM11UL,D:/TTTN/mockupgenerator/src/main/resources/mask/US3DCM11/white-back-model.jpg,06c67dac055e401153bf47da2eb3c7b3,"Photo contains 2 products of comparable size - read as a multi-item composition, not a fragmented mask.",accept,,labels/075_US3DCM11_white_back.png,test
076_US3DCM11_white_front,images/076_US3DCM11_white_front.jpg,labels_auto/076_US3DCM11_white_front.png,overlays/076_US3DCM11_white_front.jpg,US3DCM11,white,front,US3DCM11_front,1200,1200,READY,0.9609,0.26667,0.9127,1,0.9836,2165.7,2,US3DCM11 US3DCM11UL,D:/TTTN/mockupgenerator/src/main/resources/mask/US3DCM11/white-front-model.jpg,84b541736806465fec85f500484e48aa,"Clean single-piece mask, edges align with the source image, models agree.",accept,,labels/076_US3DCM11_white_front.png,train
077_US3DCM15_black_back,images/077_US3DCM15_black_back.jpg,labels_auto/077_US3DCM15_black_back.png,overlays/077_US3DCM15_black_back.jpg,US3DCM15,black,back,US3DCM15_back,1200,1200,READY,0.9603,0.36768,0.92,2,0.978,1652.2,2,US3DCM15 US3DCM15UL,D:/TTTN/mockupgenerator/src/main/resources/mask/US3DCM15/black-back-model.jpg,28e2a6e795c6f32599970297cc6b0f52,"Photo contains 2 products of comparable size - read as a multi-item composition, not a fragmented mask.",accept,,labels/077_US3DCM15_black_back.png,train
078_US3DCM15_black_front,images/078_US3DCM15_black_front.jpg,labels_auto/078_US3DCM15_black_front.png,overlays/078_US3DCM15_black_front.jpg,US3DCM15,black,front,US3DCM15_front,1200,1200,READY,0.9595,0.25926,0.9837,1,0.9791,2135.0,2,US3DCM15 US3DCM15UL,D:/TTTN/mockupgenerator/src/main/resources/mask/US3DCM15/black-front-model.jpg,7d86bf666febda793f0ae7acbc8e1681,"Clean single-piece mask, edges align with the source image, models agree.",accept,,labels/078_US3DCM15_black_front.png,val
079_US3DCM15_white_back,images/079_US3DCM15_white_back.jpg,labels_auto/079_US3DCM15_white_back.png,overlays/079_US3DCM15_white_back.jpg,US3DCM15,white,back,US3DCM15_back,1200,1200,READY,0.9737,0.36356,0.992,2,0.9781,1696.0,2,US3DCM15 US3DCM15UL,D:/TTTN/mockupgenerator/src/main/resources/mask/US3DCM15/white-back-model.jpg,e608b1d7e1e9ec8ef22be48817cd5895,"Photo contains 2 products of comparable size - read as a multi-item composition, not a fragmented mask.",accept,,labels/079_US3DCM15_white_back.png,train
080_US3DCM15_white_front,images/080_US3DCM15_white_front.jpg,labels_auto/080_US3DCM15_white_front.png,overlays/080_US3DCM15_white_front.jpg,US3DCM15,white,front,US3DCM15_front,1200,1200,READY,0.9474,0.2585,0.8582,1,0.9784,2110.8,2,US3DCM15 US3DCM15UL,D:/TTTN/mockupgenerator/src/main/resources/mask/US3DCM15/white-front-model.jpg,232a1d369f120ddc43ac664ba18f5040,"Clean single-piece mask, edges align with the source image, models agree.",accept,,labels/080_US3DCM15_white_front.png,val
081_USAAM11FB_bordeaux_back,images/081_USAAM11FB_bordeaux_back.jpg,labels_auto/081_USAAM11FB_bordeaux_back.png,overlays/081_USAAM11FB_bordeaux_back.jpg,USAAM11FB,bordeaux,back,USAAM11FB_back,1200,1200,READY,0.9678,0.37844,0.9711,2,0.9833,1699.9,2,USAAM11FB USGAM11UL,D:/TTTN/mockupgenerator/src/main/resources/mask/USAAM11FB/bordeaux-back-model.jpg,feab083fb93e36135c4023131ef19d44,"Photo contains 2 products of comparable size - read as a multi-item composition, not a fragmented mask.",accept,,labels/081_USAAM11FB_bordeaux_back.png,train
082_USAAM11FB_bordeaux_front,images/082_USAAM11FB_bordeaux_front.jpg,labels_auto/082_USAAM11FB_bordeaux_front.png,overlays/082_USAAM11FB_bordeaux_front.jpg,USAAM11FB,bordeaux,front,USAAM11FB_front,1200,1200,READY,0.9736,0.2669,0.9917,1,0.9835,2140.9,2,USAAM11FB USGAM11UL,D:/TTTN/mockupgenerator/src/main/resources/mask/USAAM11FB/bordeaux-front-model.jpg,e198c98e63977555fff3a843bbf654ec,"Clean single-piece mask, edges align with the source image, models agree.",accept,,labels/082_USAAM11FB_bordeaux_front.png,train
083_USAAM15_black_back,images/083_USAAM15_black_back.jpg,labels_auto/083_USAAM15_black_back.png,overlays/083_USAAM15_black_back.jpg,USAAM15,black,back,USAAM15_back,1200,1200,REVIEW,0.9379,0.36925,0.9924,2,0.8551,1636.8,2,USAAM15 USAAM15UL,D:/TTTN/mockupgenerator/src/main/resources/mask/USAAM15/black-back-model.jpg,694341552bd565721dae83f18f22d5f9,"Silhouette is atypical for drinkware (bbox fill 0.4972, aspect 1.237) - the mask may include a neighbouring object.",accept,,labels/083_USAAM15_black_back.png,train
084_USAAM15_black_front,images/084_USAAM15_black_front.jpg,labels_auto/084_USAAM15_black_front.png,overlays/084_USAAM15_black_front.jpg,USAAM15,black,front,USAAM15_front,1200,1200,READY,0.97,0.26839,0.9907,1,0.9797,2167.5,2,USAAM15 USAAM15UL,D:/TTTN/mockupgenerator/src/main/resources/mask/USAAM15/black-front-model.jpg,1f932e4ab77a37cbbab47b354e4ffa8a,"Clean single-piece mask, edges align with the source image, models agree.",accept,,labels/084_USAAM15_black_front.png,test
085_USAAM15_bordeaux_back,images/085_USAAM15_bordeaux_back.jpg,labels_auto/085_USAAM15_bordeaux_back.png,overlays/085_USAAM15_bordeaux_back.jpg,USAAM15,bordeaux,back,USAAM15_back,1200,1200,REVIEW,0.938,0.36925,0.993,2,0.8551,1643.9,2,USAAM15 USAAM15UL,D:/TTTN/mockupgenerator/src/main/resources/mask/USAAM15/bordeaux-back-model.jpg,e549e623af075e37e115571a95a52290,"Silhouette is atypical for drinkware (bbox fill 0.4972, aspect 1.237) - the mask may include a neighbouring object.",accept,,labels/085_USAAM15_bordeaux_back.png,train
086_USAAM15_bordeaux_front,images/086_USAAM15_bordeaux_front.jpg,labels_auto/086_USAAM15_bordeaux_front.png,overlays/086_USAAM15_bordeaux_front.jpg,USAAM15,bordeaux,front,USAAM15_front,1200,1200,READY,0.9715,0.26838,0.9924,1,0.9796,2136.2,2,USAAM15 USAAM15UL,D:/TTTN/mockupgenerator/src/main/resources/mask/USAAM15/bordeaux-front-model.jpg,e1a39ccf8358d2ae4c859d2000d0dbc3,"Clean single-piece mask, edges align with the source image, models agree.",accept,,labels/086_USAAM15_bordeaux_front.png,test
087_USAAM15_green_back,images/087_USAAM15_green_back.jpg,labels_auto/087_USAAM15_green_back.png,overlays/087_USAAM15_green_back.jpg,USAAM15,green,back,USAAM15_back,1200,1200,REVIEW,0.9371,0.36955,0.9918,2,0.8549,1723.4,2,USAAM15 USAAM15UL,D:/TTTN/mockupgenerator/src/main/resources/mask/USAAM15/green-back-model.jpg,83c8ae8317f7b5552c74fa8febb14141,"Silhouette is atypical for drinkware (bbox fill 0.4976, aspect 1.237) - the mask may include a neighbouring object.",accept,,labels/087_USAAM15_green_back.png,train
088_USAAM15_green_front,images/088_USAAM15_green_front.jpg,labels_auto/088_USAAM15_green_front.png,overlays/088_USAAM15_green_front.jpg,USAAM15,green,front,USAAM15_front,1200,1200,READY,0.9671,0.26857,0.9899,1,0.9795,2131.3,2,USAAM15 USAAM15UL,D:/TTTN/mockupgenerator/src/main/resources/mask/USAAM15/green-front-model.jpg,610b354febc7cbd6adba36baee3796ea,"Clean single-piece mask, edges align with the source image, models agree.",accept,,labels/088_USAAM15_green_front.png,test
089_USAAM15_light-blue_back,images/089_USAAM15_light-blue_back.jpg,labels_auto/089_USAAM15_light-blue_back.png,overlays/089_USAAM15_light-blue_back.jpg,USAAM15,light-blue,back,USAAM15_back,1200,1200,REVIEW,0.9377,0.36941,0.9918,2,0.8551,1672.0,2,USAAM15 USAAM15UL,D:/TTTN/mockupgenerator/src/main/resources/mask/USAAM15/light-blue-back-model.jpg,ea1ddc18c88251be0045dd1fddb64edd,"Silhouette is atypical for drinkware (bbox fill 0.4974, aspect 1.237) - the mask may include a neighbouring object.",accept,,labels/089_USAAM15_light-blue_back.png,train
090_USAAM15_light-blue_front,images/090_USAAM15_light-blue_front.jpg,labels_auto/090_USAAM15_light-blue_front.png,overlays/090_USAAM15_light-blue_front.jpg,USAAM15,light-blue,front,USAAM15_front,1200,1200,READY,0.9677,0.26849,0.9895,1,0.9796,2107.3,2,USAAM15 USAAM15UL,D:/TTTN/mockupgenerator/src/main/resources/mask/USAAM15/light-blue-front-model.jpg,71ac97a4e48963f0112ea46f0ad83734,"Clean single-piece mask, edges align with the source image, models agree.",accept,,labels/090_USAAM15_light-blue_front.png,test
091_USAAM15_light-yellow_back,images/091_USAAM15_light-yellow_back.jpg,labels_auto/091_USAAM15_light-yellow_back.png,overlays/091_USAAM15_light-yellow_back.jpg,USAAM15,light-yellow,back,USAAM15_back,1200,1200,REVIEW,0.9369,0.36961,0.9923,2,0.8548,1657.3,2,USAAM15 USAAM15UL,D:/TTTN/mockupgenerator/src/main/resources/mask/USAAM15/light-yellow-back-model.jpg,35f3d7913a12bf20a1e4f624162eb75d,"Silhouette is atypical for drinkware (bbox fill 0.4976, aspect 1.237) - the mask may include a neighbouring object.",accept,,labels/091_USAAM15_light-yellow_back.png,train
092_USAAM15_light-yellow_front,images/092_USAAM15_light-yellow_front.jpg,labels_auto/092_USAAM15_light-yellow_front.png,overlays/092_USAAM15_light-yellow_front.jpg,USAAM15,light-yellow,front,USAAM15_front,1200,1200,READY,0.9679,0.26861,0.9911,1,0.9795,2239.9,2,USAAM15 USAAM15UL,D:/TTTN/mockupgenerator/src/main/resources/mask/USAAM15/light-yellow-front-model.jpg,c78454a9d92da37acc210885a55d7d9b,"Clean single-piece mask, edges align with the source image, models agree.",accept,,labels/092_USAAM15_light-yellow_front.png,test
093_USAAM15_maroon_back,images/093_USAAM15_maroon_back.jpg,labels_auto/093_USAAM15_maroon_back.png,overlays/093_USAAM15_maroon_back.jpg,USAAM15,maroon,back,USAAM15_back,1200,1200,REVIEW,0.9382,0.36932,0.9933,2,0.8551,1660.3,2,USAAM15 USAAM15UL,D:/TTTN/mockupgenerator/src/main/resources/mask/USAAM15/maroon-back-model.jpg,3619062ca3870005992194e6bf2e191a,"Silhouette is atypical for drinkware (bbox fill 0.4973, aspect 1.237) - the mask may include a neighbouring object.",accept,,labels/093_USAAM15_maroon_back.png,train
094_USAAM15_maroon_front,images/094_USAAM15_maroon_front.jpg,labels_auto/094_USAAM15_maroon_front.png,overlays/094_USAAM15_maroon_front.jpg,USAAM15,maroon,front,USAAM15_front,1200,1200,READY,0.9713,0.26843,0.9924,1,0.9796,2167.2,2,USAAM15 USAAM15UL,D:/TTTN/mockupgenerator/src/main/resources/mask/USAAM15/maroon-front-model.jpg,f71427f0489637fb933f796c9fe4c0bc,"Clean single-piece mask, edges align with the source image, models agree.",accept,,labels/094_USAAM15_maroon_front.png,test
095_USAAM15_navy_back,images/095_USAAM15_navy_back.jpg,labels_auto/095_USAAM15_navy_back.png,overlays/095_USAAM15_navy_back.jpg,USAAM15,navy,back,USAAM15_back,1200,1200,REVIEW,0.9379,0.36932,0.9918,2,0.8551,1675.4,2,USAAM15 USAAM15UL,D:/TTTN/mockupgenerator/src/main/resources/mask/USAAM15/navy-back-model.jpg,a6530d034b130900144a88350138e31a,"Silhouette is atypical for drinkware (bbox fill 0.4973, aspect 1.237) - the mask may include a neighbouring object.",accept,,labels/095_USAAM15_navy_back.png,train
096_USAAM15_navy_front,images/096_USAAM15_navy_front.jpg,labels_auto/096_USAAM15_navy_front.png,overlays/096_USAAM15_navy_front.jpg,USAAM15,navy,front,USAAM15_front,1200,1200,READY,0.9689,0.26843,0.9899,1,0.9796,2135.6,2,USAAM15 USAAM15UL,D:/TTTN/mockupgenerator/src/main/resources/mask/USAAM15/navy-front-model.jpg,c74159841d2eb76d9d2851d9b01919c1,"Clean single-piece mask, edges align with the source image, models agree.",accept,,labels/096_USAAM15_navy_front.png,test
097_USAAM15_orange_back,images/097_USAAM15_orange_back.jpg,labels_auto/097_USAAM15_orange_back.png,overlays/097_USAAM15_orange_back.jpg,USAAM15,orange,back,USAAM15_back,1200,1200,REVIEW,0.9371,0.36949,0.9918,2,0.8549,1729.0,2,USAAM15 USAAM15UL,D:/TTTN/mockupgenerator/src/main/resources/mask/USAAM15/orange-back-model.jpg,7f1ddb5f87879df0aba1bc09056f9681,"Silhouette is atypical for drinkware (bbox fill 0.4975, aspect 1.237) - the mask may include a neighbouring object.",accept,,labels/097_USAAM15_orange_back.png,train
098_USAAM15_orange_front,images/098_USAAM15_orange_front.jpg,labels_auto/098_USAAM15_orange_front.png,overlays/098_USAAM15_orange_front.jpg,USAAM15,orange,front,USAAM15_front,1200,1200,READY,0.9707,0.26852,0.9913,1,0.9796,2137.3,2,USAAM15 USAAM15UL,D:/TTTN/mockupgenerator/src/main/resources/mask/USAAM15/orange-front-model.jpg,38bf274d01ba92b8222835857eef88e2,"Clean single-piece mask, edges align with the source image, models agree.",accept,,labels/098_USAAM15_orange_front.png,test
099_USAAM15_pink_back,images/099_USAAM15_pink_back.jpg,labels_auto/099_USAAM15_pink_back.png,overlays/099_USAAM15_pink_back.jpg,USAAM15,pink,back,USAAM15_back,1200,1200,REVIEW,0.9376,0.36957,0.9936,2,0.8549,1665.4,2,USAAM15 USAAM15UL,D:/TTTN/mockupgenerator/src/main/resources/mask/USAAM15/pink-back-model.jpg,e991678712c0022798ec90660a8c66d5,"Silhouette is atypical for drinkware (bbox fill 0.4976, aspect 1.237) - the mask may include a neighbouring object.",accept,,labels/099_USAAM15_pink_back.png,train
100_USAAM15_pink_front,images/100_USAAM15_pink_front.jpg,labels_auto/100_USAAM15_pink_front.png,overlays/100_USAAM15_pink_front.jpg,USAAM15,pink,front,USAAM15_front,1200,1200,READY,0.9711,0.26858,0.9925,1,0.9795,2200.6,2,USAAM15 USAAM15UL,D:/TTTN/mockupgenerator/src/main/resources/mask/USAAM15/pink-front-model.jpg,34543997994f25114b24b2a1c3f4d54e,"Clean single-piece mask, edges align with the source image, models agree.",accept,,labels/100_USAAM15_pink_front.png,test
101_USAAM15_red_back,images/101_USAAM15_red_back.jpg,labels_auto/101_USAAM15_red_back.png,overlays/101_USAAM15_red_back.jpg,USAAM15,red,back,USAAM15_back,1200,1200,REVIEW,0.9378,0.36933,0.9923,2,0.8551,1639.3,2,USAAM15 USAAM15UL,D:/TTTN/mockupgenerator/src/main/resources/mask/USAAM15/red-back-model.jpg,f6770202d0d2bc56ba7c5716f7029155,"Silhouette is atypical for drinkware (bbox fill 0.4973, aspect 1.237) - the mask may include a neighbouring object.",accept,,labels/101_USAAM15_red_back.png,train
102_USAAM15_red_front,images/102_USAAM15_red_front.jpg,labels_auto/102_USAAM15_red_front.png,overlays/102_USAAM15_red_front.jpg,USAAM15,red,front,USAAM15_front,1200,1200,READY,0.9712,0.26842,0.9915,1,0.9796,2155.1,2,USAAM15 USAAM15UL,D:/TTTN/mockupgenerator/src/main/resources/mask/USAAM15/red-front-model.jpg,853645c9d36ca6257565e79cea5d53ce,"Clean single-piece mask, edges align with the source image, models agree.",accept,,labels/102_USAAM15_red_front.png,test
103_USAAM15_yellow_back,images/103_USAAM15_yellow_back.jpg,labels_auto/103_USAAM15_yellow_back.png,overlays/103_USAAM15_yellow_back.jpg,USAAM15,yellow,back,USAAM15_back,1200,1200,REVIEW,0.9366,0.36969,0.9924,2,0.8548,1698.1,2,USAAM15 USAAM15UL,D:/TTTN/mockupgenerator/src/main/resources/mask/USAAM15/yellow-back-model.jpg,4732314ec9ef04e1a44184116707e637,"Silhouette is atypical for drinkware (bbox fill 0.4978, aspect 1.237) - the mask may include a neighbouring object.",accept,,labels/103_USAAM15_yellow_back.png,train
104_USAAM15_yellow_front,images/104_USAAM15_yellow_front.jpg,labels_auto/104_USAAM15_yellow_front.png,overlays/104_USAAM15_yellow_front.jpg,USAAM15,yellow,front,USAAM15_front,1200,1200,READY,0.9682,0.26867,0.9918,1,0.9794,2142.5,2,USAAM15 USAAM15UL,D:/TTTN/mockupgenerator/src/main/resources/mask/USAAM15/yellow-front-model.jpg,1f773e54b9cf5e004366014f89d6c282,"Clean single-piece mask, edges align with the source image, models agree.",accept,,labels/104_USAAM15_yellow_front.png,test
105_USAAM15FB_black_back,images/105_USAAM15FB_black_back.jpg,labels_auto/105_USAAM15FB_black_back.png,overlays/105_USAAM15FB_black_back.jpg,USAAM15FB,black,back,USAAM15FB_back,1200,1200,REVIEW,0.9379,0.36925,0.9924,2,0.8551,1718.0,1,USAAM15FB,D:/TTTN/mockupgenerator/src/main/resources/mask/USAAM15FB/black-back-model.jpg,111a0ca5bfbaaf2a51b9f77021dde675,"Silhouette is atypical for drinkware (bbox fill 0.4972, aspect 1.237) - the mask may include a neighbouring object.",accept,,labels/105_USAAM15FB_black_back.png,train
106_USAAM15FB_black_front,images/106_USAAM15FB_black_front.jpg,labels_auto/106_USAAM15FB_black_front.png,overlays/106_USAAM15FB_black_front.jpg,USAAM15FB,black,front,USAAM15FB_front,1200,1200,READY,0.97,0.26839,0.9907,1,0.9797,2147.5,1,USAAM15FB,D:/TTTN/mockupgenerator/src/main/resources/mask/USAAM15FB/black-front-model.jpg,2e1f2aeb0f9f38b210f3d3f354edb931,"Clean single-piece mask, edges align with the source image, models agree.",accept,,labels/106_USAAM15FB_black_front.png,test
107_USAAM15FB_bordeaux_back,images/107_USAAM15FB_bordeaux_back.jpg,labels_auto/107_USAAM15FB_bordeaux_back.png,overlays/107_USAAM15FB_bordeaux_back.jpg,USAAM15FB,bordeaux,back,USAAM15FB_back,1200,1200,REVIEW,0.938,0.36925,0.993,2,0.8551,1635.1,1,USAAM15FB,D:/TTTN/mockupgenerator/src/main/resources/mask/USAAM15FB/bordeaux-back-model.jpg,7f421b2c7dc019b11cfc5962229fea7f,"Silhouette is atypical for drinkware (bbox fill 0.4972, aspect 1.237) - the mask may include a neighbouring object.",accept,,labels/107_USAAM15FB_bordeaux_back.png,train
108_USAAM15FB_bordeaux_front,images/108_USAAM15FB_bordeaux_front.jpg,labels_auto/108_USAAM15FB_bordeaux_front.png,overlays/108_USAAM15FB_bordeaux_front.jpg,USAAM15FB,bordeaux,front,USAAM15FB_front,1200,1200,READY,0.9715,0.26838,0.9924,1,0.9796,2203.9,1,USAAM15FB,D:/TTTN/mockupgenerator/src/main/resources/mask/USAAM15FB/bordeaux-front-model.jpg,ae4be51687a640f4620ab8cf769dd8f7,"Clean single-piece mask, edges align with the source image, models agree.",accept,,labels/108_USAAM15FB_bordeaux_front.png,test
109_USAAM15FB_light-yellow_back,images/109_USAAM15FB_light-yellow_back.jpg,labels_auto/109_USAAM15FB_light-yellow_back.png,overlays/109_USAAM15FB_light-yellow_back.jpg,USAAM15FB,light-yellow,back,USAAM15FB_back,1200,1200,REVIEW,0.9369,0.36961,0.9923,2,0.8548,1665.6,1,USAAM15FB,D:/TTTN/mockupgenerator/src/main/resources/mask/USAAM15FB/light-yellow-back-model.jpg,08cbf8bfd08b98b6ce5eb100c7853fce,"Silhouette is atypical for drinkware (bbox fill 0.4976, aspect 1.237) - the mask may include a neighbouring object.",accept,,labels/109_USAAM15FB_light-yellow_back.png,train
110_USAAM15FB_light-yellow_front,images/110_USAAM15FB_light-yellow_front.jpg,labels_auto/110_USAAM15FB_light-yellow_front.png,overlays/110_USAAM15FB_light-yellow_front.jpg,USAAM15FB,light-yellow,front,USAAM15FB_front,1200,1200,READY,0.9679,0.26861,0.9911,1,0.9795,2146.1,1,USAAM15FB,D:/TTTN/mockupgenerator/src/main/resources/mask/USAAM15FB/light-yellow-front-model.jpg,65f9616c90ca9f333540db23d663e95d,"Clean single-piece mask, edges align with the source image, models agree.",accept,,labels/110_USAAM15FB_light-yellow_front.png,test
111_USACM11_black_back,images/111_USACM11_black_back.jpg,labels_auto/111_USACM11_black_back.png,overlays/111_USACM11_black_back.jpg,USACM11,black,back,USACM11_back,1200,1200,READY,0.9726,0.33509,0.9829,2,0.9753,2153.5,2,USACM11 USACM11UL,D:/TTTN/mockupgenerator/src/main/resources/mask/USACM11/black-back-model.jpg,d2bfed8df0585e05ffb44194fec0f617,"Photo contains 2 products of comparable size - read as a multi-item composition, not a fragmented mask.",accept,,labels/111_USACM11_black_back.png,train
112_USACM11_black_front,images/112_USACM11_black_front.jpg,labels_auto/112_USACM11_black_front.png,overlays/112_USACM11_black_front.jpg,USACM11,black,front,USACM11_front,1200,1200,READY,0.9778,0.2675,0.9916,1,0.9835,2162.7,2,USACM11 USACM11UL,D:/TTTN/mockupgenerator/src/main/resources/mask/USACM11/black-front-model.jpg,1a15a9fb7a146e8a77464ac2f58eb82e,"Clean single-piece mask, edges align with the source image, models agree.",accept,,labels/112_USACM11_black_front.png,train
113_USACM11_white_back,images/113_USACM11_white_back.jpg,labels_auto/113_USACM11_white_back.png,overlays/113_USACM11_white_back.jpg,USACM11,white,back,USACM11_back,1200,1200,READY,0.9608,0.33098,0.9827,2,0.9749,2188.4,2,USACM11 USACM11UL,D:/TTTN/mockupgenerator/src/main/resources/mask/USACM11/white-back-model.jpg,9b1ff2f15f5f8d53712338bc87e506c7,"Photo contains 2 products of comparable size - read as a multi-item composition, not a fragmented mask.",accept,,labels/113_USACM11_white_back.png,train
114_USACM11FB_black_back,images/114_USACM11FB_black_back.jpg,labels_auto/114_USACM11FB_black_back.png,overlays/114_USACM11FB_black_back.jpg,USACM11FB,black,back,USACM11FB_back,1200,1200,READY,0.9786,0.38017,0.9896,2,0.9833,1646.6,2,USACM11FB USGCM11UL,D:/TTTN/mockupgenerator/src/main/resources/mask/USACM11FB/black-back-model.jpg,7b8a7bf14feba47bf77dfc24eb7f6a55,"Photo contains 2 products of comparable size - read as a multi-item composition, not a fragmented mask.",accept,,labels/114_USACM11FB_black_back.png,val
115_USACM11FB_black_front,images/115_USACM11FB_black_front.jpg,labels_auto/115_USACM11FB_black_front.png,overlays/115_USACM11FB_black_front.jpg,USACM11FB,black,front,USACM11FB_front,1200,1200,READY,0.9774,0.26738,0.9912,1,0.9836,2151.3,2,USACM11FB USGCM11UL,D:/TTTN/mockupgenerator/src/main/resources/mask/USACM11FB/black-front-model.jpg,afea76b9420caffd9a9a2b876f6c60c1,"Clean single-piece mask, edges align with the source image, models agree.",accept,,labels/115_USACM11FB_black_front.png,train
116_USACM11FB_white_back,images/116_USACM11FB_white_back.jpg,labels_auto/116_USACM11FB_white_back.png,overlays/116_USACM11FB_white_back.jpg,USACM11FB,white,back,USACM11FB_back,1200,1200,READY,0.9593,0.38012,0.9121,2,0.9832,1678.6,2,USACM11FB USGCM11UL,D:/TTTN/mockupgenerator/src/main/resources/mask/USACM11FB/white-back-model.jpg,2b89bcc1a683ad4c9c7459c8257013ea,"Photo contains 2 products of comparable size - read as a multi-item composition, not a fragmented mask.",accept,,labels/116_USACM11FB_white_back.png,val
117_USACM11FB_white_front,images/117_USACM11FB_white_front.jpg,labels_auto/117_USACM11FB_white_front.png,overlays/117_USACM11FB_white_front.jpg,USACM11FB,white,front,USACM11FB_front,1200,1200,READY,0.9609,0.26667,0.9127,1,0.9836,2152.4,2,USACM11FB USGCM11UL,D:/TTTN/mockupgenerator/src/main/resources/mask/USACM11FB/white-front-model.jpg,8308e2e27786e0be6ffab782e82d9fc5,"Clean single-piece mask, edges align with the source image, models agree.",accept,,labels/117_USACM11FB_white_front.png,train
118_USACM15FB_white_back,images/118_USACM15FB_white_back.jpg,labels_auto/118_USACM15FB_white_back.png,overlays/118_USACM15FB_white_back.jpg,USACM15FB,white,back,USACM15FB_back,1200,1200,READY,0.9737,0.36356,0.992,2,0.9781,1634.0,2,USACM15FB USGCM15UL,D:/TTTN/mockupgenerator/src/main/resources/mask/USACM15FB/white-back-model.jpg,355551e5f1d3392ff64a0ed2dc380183,"Photo contains 2 products of comparable size - read as a multi-item composition, not a fragmented mask.",accept,,labels/118_USACM15FB_white_back.png,test
119_USACM15FB_white_front,images/119_USACM15FB_white_front.jpg,labels_auto/119_USACM15FB_white_front.png,overlays/119_USACM15FB_white_front.jpg,USACM15FB,white,front,USACM15FB_front,1200,1200,READY,0.9474,0.2585,0.8582,1,0.9784,2134.9,2,USACM15FB USGCM15UL,D:/TTTN/mockupgenerator/src/main/resources/mask/USACM15FB/white-front-model.jpg,59b599953c547d19f606a617c70c4997,"Clean single-piece mask, edges align with the source image, models agree.",accept,,labels/119_USACM15FB_white_front.png,val
120_USGAMM15_black-white_back,images/120_USGAMM15_black-white_back.jpg,labels_auto/120_USGAMM15_black-white_back.png,overlays/120_USGAMM15_black-white_back.jpg,USGAMM15,black-white,back,USGAMM15_back,1200,1200,REVIEW,0.8819,0.31959,0.9848,2,0.9708,2145.8,1,USGAMM15,D:/TTTN/mockupgenerator/src/main/resources/mask/USGAMM15/black&white-back-model.jpg,eb9212927e8168884fd516eadc8b2726,"Photo contains 2 products of comparable size - read as a multi-item composition, not a fragmented mask.",accept,,labels/120_USGAMM15_black-white_back.png,test
121_USGAMM15_black-white_front,images/121_USGAMM15_black-white_front.jpg,labels_auto/121_USGAMM15_black-white_front.png,overlays/121_USGAMM15_black-white_front.jpg,USGAMM15,black-white,front,USGAMM15_front,1200,1200,READY,0.9272,0.28814,0.9905,1,0.9742,2156.4,1,USGAMM15,D:/TTTN/mockupgenerator/src/main/resources/mask/USGAMM15/black&white-front-model.jpg,b257088f97a4921b9a64a88e82bf1548,"Clean single-piece mask, edges align with the source image, models agree.",accept,,labels/121_USGAMM15_black-white_front.png,train
